-- phpMyAdmin SQL Dump
-- version 5.2.0
-- https://www.phpmyadmin.net/
--
-- Host: 127.0.0.1
-- Generation Time: Feb 20, 2024 at 02:44 PM
-- Server version: 10.4.25-MariaDB
-- PHP Version: 8.1.10

SET SQL_MODE = "NO_AUTO_VALUE_ON_ZERO";
START TRANSACTION;
SET time_zone = "+00:00";


/*!40101 SET @OLD_CHARACTER_SET_CLIENT=@@CHARACTER_SET_CLIENT */;
/*!40101 SET @OLD_CHARACTER_SET_RESULTS=@@CHARACTER_SET_RESULTS */;
/*!40101 SET @OLD_COLLATION_CONNECTION=@@COLLATION_CONNECTION */;
/*!40101 SET NAMES utf8mb4 */;

--
-- Database: `pos`
--

-- --------------------------------------------------------

--
-- Table structure for table `failed_jobs`
--

CREATE TABLE `failed_jobs` (
  `id` bigint(20) UNSIGNED NOT NULL,
  `uuid` varchar(255) COLLATE utf8mb4_unicode_ci NOT NULL,
  `connection` text COLLATE utf8mb4_unicode_ci NOT NULL,
  `queue` text COLLATE utf8mb4_unicode_ci NOT NULL,
  `payload` longtext COLLATE utf8mb4_unicode_ci NOT NULL,
  `exception` longtext COLLATE utf8mb4_unicode_ci NOT NULL,
  `failed_at` timestamp NOT NULL DEFAULT current_timestamp()
) ENGINE=InnoDB DEFAULT CHARSET=utf8mb4 COLLATE=utf8mb4_unicode_ci;

-- --------------------------------------------------------

--
-- Table structure for table `kategori`
--

CREATE TABLE `kategori` (
  `id_kategori` int(10) UNSIGNED NOT NULL,
  `nama_kategori` varchar(255) COLLATE utf8mb4_unicode_ci NOT NULL,
  `created_at` timestamp NULL DEFAULT NULL,
  `updated_at` timestamp NULL DEFAULT NULL
) ENGINE=InnoDB DEFAULT CHARSET=utf8mb4 COLLATE=utf8mb4_unicode_ci;

--
-- Dumping data for table `kategori`
--

INSERT INTO `kategori` (`id_kategori`, `nama_kategori`, `created_at`, `updated_at`) VALUES
(1, 'Food', '2024-02-04 02:28:35', '2024-02-04 02:28:35');

-- --------------------------------------------------------

--
-- Table structure for table `member`
--

CREATE TABLE `member` (
  `id_member` int(10) UNSIGNED NOT NULL,
  `kode_member` varchar(255) COLLATE utf8mb4_unicode_ci NOT NULL,
  `nama` varchar(255) COLLATE utf8mb4_unicode_ci NOT NULL,
  `alamat` text COLLATE utf8mb4_unicode_ci DEFAULT NULL,
  `telepon` varchar(255) COLLATE utf8mb4_unicode_ci NOT NULL,
  `created_at` timestamp NULL DEFAULT NULL,
  `updated_at` timestamp NULL DEFAULT NULL
) ENGINE=InnoDB DEFAULT CHARSET=utf8mb4 COLLATE=utf8mb4_unicode_ci;

--
-- Dumping data for table `member`
--

INSERT INTO `member` (`id_member`, `kode_member`, `nama`, `alamat`, `telepon`, `created_at`, `updated_at`) VALUES
(1, '00001', 'Asep', 'Jln. 123', '08723612321', '2024-02-04 19:33:59', '2024-02-04 19:33:59');

-- --------------------------------------------------------

--
-- Table structure for table `migrations`
--

CREATE TABLE `migrations` (
  `id` int(10) UNSIGNED NOT NULL,
  `migration` varchar(255) COLLATE utf8mb4_unicode_ci NOT NULL,
  `batch` int(11) NOT NULL
) ENGINE=InnoDB DEFAULT CHARSET=utf8mb4 COLLATE=utf8mb4_unicode_ci;

--
-- Dumping data for table `migrations`
--

INSERT INTO `migrations` (`id`, `migration`, `batch`) VALUES
(1, '2014_10_12_000000_create_users_table', 1),
(2, '2014_10_12_100000_create_password_resets_table', 1),
(3, '2014_10_12_200000_add_two_factor_columns_to_users_table', 1),
(4, '2019_08_19_000000_create_failed_jobs_table', 1),
(5, '2019_12_14_000001_create_personal_access_tokens_table', 1),
(6, '2021_03_05_194740_tambah_kolom_baru_to_users_table', 1),
(7, '2021_03_05_195441_buat_kategori_table', 1),
(8, '2021_03_05_195949_buat_produk_table', 1),
(9, '2021_03_05_200515_buat_member_table', 1),
(10, '2021_03_05_200706_buat_supplier_table', 1),
(11, '2021_03_05_200841_buat_pembelian_table', 1),
(12, '2021_03_05_200845_buat_pembelian_detail_table', 1),
(13, '2021_03_05_200853_buat_penjualan_table', 1),
(14, '2021_03_05_200858_buat_penjualan_detail_table', 1),
(15, '2021_03_05_200904_buat_setting_table', 1),
(16, '2021_03_05_201756_buat_pengeluaran_table', 1),
(17, '2021_03_11_225128_create_sessions_table', 1),
(18, '2021_03_24_115009_tambah_foreign_key_to_produk_table', 1),
(19, '2021_03_24_131829_tambah_kode_produk_to_produk_table', 1),
(20, '2021_05_08_220315_tambah_diskon_to_setting_table', 1),
(21, '2021_05_09_124745_edit_id_member_to_penjualan_table', 1);

-- --------------------------------------------------------

--
-- Table structure for table `password_resets`
--

CREATE TABLE `password_resets` (
  `email` varchar(255) COLLATE utf8mb4_unicode_ci NOT NULL,
  `token` varchar(255) COLLATE utf8mb4_unicode_ci NOT NULL,
  `created_at` timestamp NULL DEFAULT NULL
) ENGINE=InnoDB DEFAULT CHARSET=utf8mb4 COLLATE=utf8mb4_unicode_ci;

-- --------------------------------------------------------

--
-- Table structure for table `pembelian`
--

CREATE TABLE `pembelian` (
  `id_pembelian` int(10) UNSIGNED NOT NULL,
  `id_supplier` int(11) NOT NULL,
  `total_item` int(11) NOT NULL,
  `total_harga` int(11) NOT NULL,
  `diskon` tinyint(4) NOT NULL DEFAULT 0,
  `bayar` int(11) NOT NULL DEFAULT 0,
  `created_at` timestamp NULL DEFAULT NULL,
  `updated_at` timestamp NULL DEFAULT NULL
) ENGINE=InnoDB DEFAULT CHARSET=utf8mb4 COLLATE=utf8mb4_unicode_ci;

--
-- Dumping data for table `pembelian`
--

INSERT INTO `pembelian` (`id_pembelian`, `id_supplier`, `total_item`, `total_harga`, `diskon`, `bayar`, `created_at`, `updated_at`) VALUES
(1, 1, 2, 6000, 0, 6000, '2024-02-05 18:54:50', '2024-02-05 18:54:58');

-- --------------------------------------------------------

--
-- Table structure for table `pembelian_detail`
--

CREATE TABLE `pembelian_detail` (
  `id_pembelian_detail` int(10) UNSIGNED NOT NULL,
  `id_pembelian` int(11) NOT NULL,
  `id_produk` int(11) NOT NULL,
  `harga_beli` int(11) NOT NULL,
  `jumlah` int(11) NOT NULL,
  `subtotal` int(11) NOT NULL,
  `created_at` timestamp NULL DEFAULT NULL,
  `updated_at` timestamp NULL DEFAULT NULL
) ENGINE=InnoDB DEFAULT CHARSET=utf8mb4 COLLATE=utf8mb4_unicode_ci;

--
-- Dumping data for table `pembelian_detail`
--

INSERT INTO `pembelian_detail` (`id_pembelian_detail`, `id_pembelian`, `id_produk`, `harga_beli`, `jumlah`, `subtotal`, `created_at`, `updated_at`) VALUES
(1, 1, 1, 3000, 1, 3000, '2024-02-05 18:54:54', '2024-02-05 18:54:54'),
(2, 1, 4, 3000, 1, 3000, '2024-02-05 18:54:56', '2024-02-05 18:54:56');

-- --------------------------------------------------------

--
-- Table structure for table `pengeluaran`
--

CREATE TABLE `pengeluaran` (
  `id_pengeluaran` int(10) UNSIGNED NOT NULL,
  `deskripsi` text COLLATE utf8mb4_unicode_ci NOT NULL,
  `nominal` int(11) NOT NULL,
  `created_at` timestamp NULL DEFAULT NULL,
  `updated_at` timestamp NULL DEFAULT NULL
) ENGINE=InnoDB DEFAULT CHARSET=utf8mb4 COLLATE=utf8mb4_unicode_ci;

-- --------------------------------------------------------

--
-- Table structure for table `penjualan`
--

CREATE TABLE `penjualan` (
  `id_penjualan` int(10) UNSIGNED NOT NULL,
  `id_member` int(11) DEFAULT NULL,
  `total_item` int(11) NOT NULL,
  `total_harga` int(11) NOT NULL,
  `diskon` tinyint(4) NOT NULL DEFAULT 0,
  `bayar` int(11) NOT NULL DEFAULT 0,
  `diterima` int(11) NOT NULL DEFAULT 0,
  `id_user` int(11) NOT NULL,
  `created_at` timestamp NULL DEFAULT NULL,
  `updated_at` timestamp NULL DEFAULT NULL
) ENGINE=InnoDB DEFAULT CHARSET=utf8mb4 COLLATE=utf8mb4_unicode_ci;

--
-- Dumping data for table `penjualan`
--

INSERT INTO `penjualan` (`id_penjualan`, `id_member`, `total_item`, `total_harga`, `diskon`, `bayar`, `diterima`, `id_user`, `created_at`, `updated_at`) VALUES
(1, NULL, 0, 0, 0, 0, 0, 1, '2024-02-04 02:26:29', '2024-02-04 02:26:29'),
(2, NULL, 0, 0, 0, 0, 0, 1, '2024-02-04 02:26:29', '2024-02-04 02:26:29'),
(3, NULL, 0, 0, 0, 0, 0, 2, '2024-02-04 19:07:35', '2024-02-04 19:07:35'),
(4, NULL, 0, 0, 0, 0, 0, 2, '2024-02-04 19:07:40', '2024-02-04 19:07:40'),
(5, NULL, 10, 40000, 0, 40000, 50000, 2, '2024-02-04 19:07:46', '2024-02-04 19:08:35'),
(6, NULL, 8, 32000, 0, 32000, 100000, 2, '2024-02-04 19:28:01', '2024-02-04 19:29:03'),
(7, NULL, 3, 13000, 0, 13000, 10013, 2, '2024-02-04 19:29:45', '2024-02-04 19:35:17'),
(8, NULL, 0, 0, 0, 0, 0, 1, '2024-02-04 19:34:43', '2024-02-04 19:34:43'),
(9, NULL, 1, 4000, 0, 4000, 5000, 1, '2024-02-05 17:48:33', '2024-02-05 17:48:43'),
(10, NULL, 0, 0, 0, 0, 0, 1, '2024-02-05 18:35:21', '2024-02-05 18:35:21'),
(11, NULL, 0, 0, 0, 0, 0, 1, '2024-02-16 18:12:12', '2024-02-16 18:12:12'),
(12, NULL, 0, 0, 0, 0, 0, 1, '2024-02-16 18:12:14', '2024-02-16 18:12:14'),
(13, NULL, 0, 0, 0, 0, 0, 1, '2024-02-17 01:10:36', '2024-02-17 01:10:36');

-- --------------------------------------------------------

--
-- Table structure for table `penjualan_detail`
--

CREATE TABLE `penjualan_detail` (
  `id_penjualan_detail` int(10) UNSIGNED NOT NULL,
  `id_penjualan` int(11) NOT NULL,
  `id_produk` int(11) NOT NULL,
  `harga_jual` int(11) NOT NULL,
  `jumlah` int(11) NOT NULL,
  `diskon` tinyint(4) NOT NULL DEFAULT 0,
  `subtotal` int(11) NOT NULL,
  `created_at` timestamp NULL DEFAULT NULL,
  `updated_at` timestamp NULL DEFAULT NULL
) ENGINE=InnoDB DEFAULT CHARSET=utf8mb4 COLLATE=utf8mb4_unicode_ci;

--
-- Dumping data for table `penjualan_detail`
--

INSERT INTO `penjualan_detail` (`id_penjualan_detail`, `id_penjualan`, `id_produk`, `harga_jual`, `jumlah`, `diskon`, `subtotal`, `created_at`, `updated_at`) VALUES
(1, 5, 1, 4000, 10, 0, 40000, '2024-02-04 19:07:51', '2024-02-04 19:08:18'),
(2, 6, 1, 4000, 8, 0, 32000, '2024-02-04 19:28:33', '2024-02-04 19:28:40'),
(3, 7, 1, 4000, 1, 0, 4000, '2024-02-04 19:30:11', '2024-02-04 19:30:11'),
(4, 7, 1, 4000, 1, 0, 4000, '2024-02-04 19:30:23', '2024-02-04 19:30:23'),
(5, 7, 4, 5000, 1, 0, 5000, '2024-02-04 19:35:04', '2024-02-04 19:35:04'),
(6, 9, 1, 4000, 1, 0, 4000, '2024-02-05 17:48:38', '2024-02-05 17:48:38');

-- --------------------------------------------------------

--
-- Table structure for table `personal_access_tokens`
--

CREATE TABLE `personal_access_tokens` (
  `id` bigint(20) UNSIGNED NOT NULL,
  `tokenable_type` varchar(255) COLLATE utf8mb4_unicode_ci NOT NULL,
  `tokenable_id` bigint(20) UNSIGNED NOT NULL,
  `name` varchar(255) COLLATE utf8mb4_unicode_ci NOT NULL,
  `token` varchar(64) COLLATE utf8mb4_unicode_ci NOT NULL,
  `abilities` text COLLATE utf8mb4_unicode_ci DEFAULT NULL,
  `last_used_at` timestamp NULL DEFAULT NULL,
  `created_at` timestamp NULL DEFAULT NULL,
  `updated_at` timestamp NULL DEFAULT NULL
) ENGINE=InnoDB DEFAULT CHARSET=utf8mb4 COLLATE=utf8mb4_unicode_ci;

-- --------------------------------------------------------

--
-- Table structure for table `produk`
--

CREATE TABLE `produk` (
  `id_produk` int(10) UNSIGNED NOT NULL,
  `id_kategori` int(10) UNSIGNED NOT NULL,
  `kode_produk` varchar(255) COLLATE utf8mb4_unicode_ci NOT NULL,
  `nama_produk` varchar(255) COLLATE utf8mb4_unicode_ci NOT NULL,
  `merk` varchar(255) COLLATE utf8mb4_unicode_ci DEFAULT NULL,
  `harga_beli` decimal(10,2) NOT NULL,
  `diskon` tinyint(4) NOT NULL DEFAULT 0,
  `harga_jual` decimal(10,2) NOT NULL,
  `stok` int(11) NOT NULL,
  `created_at` timestamp NULL DEFAULT NULL,
  `updated_at` timestamp NULL DEFAULT NULL
) ENGINE=InnoDB DEFAULT CHARSET=utf8mb4 COLLATE=utf8mb4_unicode_ci;

--
-- Dumping data for table `produk`
--

INSERT INTO `produk` (`id_produk`, `id_kategori`, `kode_produk`, `nama_produk`, `merk`, `harga_beli`, `diskon`, `harga_jual`, `stok`, `created_at`, `updated_at`) VALUES
(1, 1, 'P000001', 'Indomie', 'Indomie', '3000.00', 0, '4000.00', 478, '2024-02-04 02:28:59', '2024-02-05 18:54:58'),
(4, 1, 'P000002', 'Mie Sedap', 'Mie Sedap', '3000.00', 0, '5000.00', 90, '2024-02-04 19:33:31', '2024-02-05 18:54:58'),
(5, 1, 'FOOD001', 'Apple', 'Green Apple Co.', '1.50', 0, '1.50', 100, NULL, NULL),
(6, 1, 'FOOD002', 'Banana', 'Tropical Fruits Inc.', '1.00', 0, '1.00', 150, NULL, NULL),
(7, 1, 'FOOD003', 'Bread', 'Bakery Fresh', '2.00', 0, '2.00', 50, NULL, NULL),
(8, 1, 'FOOD004', 'Milk', 'Dairy Farms', '3.00', 0, '3.00', 80, NULL, NULL),
(9, 1, 'FOOD005', 'Cheese', 'Artisan Cheese Co.', '5.00', 0, '5.00', 30, NULL, NULL),
(10, 1, 'FOOD006', 'Chicken', 'Farm Fresh Poultry', '10.00', 0, '10.00', 70, NULL, NULL),
(11, 1, 'FOOD007', 'Rice', 'Harvest Grains', '8.00', 0, '8.00', 120, NULL, NULL),
(12, 1, 'FOOD008', 'Pasta', 'Italian Delights', '4.00', 0, '4.00', 90, NULL, NULL),
(13, 1, 'FOOD009', 'Salad', 'Green Leaf Farms', '6.00', 0, '6.00', 40, NULL, NULL),
(14, 1, 'FOOD010', 'Pizza', 'Pizzeria Italia', '12.00', 0, '12.00', 60, NULL, NULL);

-- --------------------------------------------------------

--
-- Table structure for table `sessions`
--

CREATE TABLE `sessions` (
  `id` varchar(255) COLLATE utf8mb4_unicode_ci NOT NULL,
  `user_id` bigint(20) UNSIGNED DEFAULT NULL,
  `ip_address` varchar(45) COLLATE utf8mb4_unicode_ci DEFAULT NULL,
  `user_agent` text COLLATE utf8mb4_unicode_ci DEFAULT NULL,
  `payload` text COLLATE utf8mb4_unicode_ci NOT NULL,
  `last_activity` int(11) NOT NULL
) ENGINE=InnoDB DEFAULT CHARSET=utf8mb4 COLLATE=utf8mb4_unicode_ci;

--
-- Dumping data for table `sessions`
--

INSERT INTO `sessions` (`id`, `user_id`, `ip_address`, `user_agent`, `payload`, `last_activity`) VALUES
('8M2QnMTP3ILgERg8S5yVsUoL5CyS9BnKFwJVTITH', NULL, '127.0.0.1', 'Mozilla/5.0 (Windows NT 10.0; Win64; x64) AppleWebKit/537.36 (KHTML, like Gecko) Chrome/121.0.0.0 Safari/537.36', 'YTozOntzOjY6Il90b2tlbiI7czo0MDoidllkMmdqeFp1Q05PNlZZQjNFMFVZV0hGTEJPcEpNYzNkakJxdUoxciI7czo5OiJfcHJldmlvdXMiO2E6MTp7czozOiJ1cmwiO3M6Mjc6Imh0dHA6Ly8xMjcuMC4wLjE6ODAwMC9sb2dpbiI7fXM6NjoiX2ZsYXNoIjthOjI6e3M6Mzoib2xkIjthOjA6e31zOjM6Im5ldyI7YTowOnt9fX0=', 1707097520),
('zQI5mIIdyMbiPLSqCu5zoIJcGI7ofBFgnkbcU2GT', 1, '127.0.0.1', 'Mozilla/5.0 (Windows NT 10.0; Win64; x64) AppleWebKit/537.36 (KHTML, like Gecko) Chrome/121.0.0.0 Safari/537.36', 'YTo1OntzOjY6Il90b2tlbiI7czo0MDoiYU0yOFhDU29sbDk5bWl2S3B2aTEzaERwZWRPU0ZVVnJ5OTJrcXNwSSI7czo5OiJfcHJldmlvdXMiO2E6MTp7czozOiJ1cmwiO3M6MzE6Imh0dHA6Ly8xMjcuMC4wLjE6ODAwMC9kYXNoYm9hcmQiO31zOjY6Il9mbGFzaCI7YToyOntzOjM6Im9sZCI7YTowOnt9czozOiJuZXciO2E6MDp7fX1zOjUwOiJsb2dpbl93ZWJfNTliYTM2YWRkYzJiMmY5NDAxNTgwZjAxNGM3ZjU4ZWE0ZTMwOTg5ZCI7aToxO3M6MTc6InBhc3N3b3JkX2hhc2hfd2ViIjtzOjYwOiIkMnkkMTAkSkw1R21udVRudC91NlNGaFZ4aHQyZUxMNXB0dFdON2E5bzhRbDUyVXJmN0IzSVREU25kQWUiO30=', 1707098001);

-- --------------------------------------------------------

--
-- Table structure for table `setting`
--

CREATE TABLE `setting` (
  `id_setting` int(10) UNSIGNED NOT NULL,
  `nama_perusahaan` varchar(255) COLLATE utf8mb4_unicode_ci NOT NULL,
  `alamat` text COLLATE utf8mb4_unicode_ci DEFAULT NULL,
  `telepon` varchar(255) COLLATE utf8mb4_unicode_ci NOT NULL,
  `tipe_nota` tinyint(4) NOT NULL,
  `diskon` smallint(6) NOT NULL DEFAULT 0,
  `path_logo` varchar(255) COLLATE utf8mb4_unicode_ci NOT NULL,
  `path_kartu_member` varchar(255) COLLATE utf8mb4_unicode_ci NOT NULL,
  `created_at` timestamp NULL DEFAULT NULL,
  `updated_at` timestamp NULL DEFAULT NULL
) ENGINE=InnoDB DEFAULT CHARSET=utf8mb4 COLLATE=utf8mb4_unicode_ci;

--
-- Dumping data for table `setting`
--

INSERT INTO `setting` (`id_setting`, `nama_perusahaan`, `alamat`, `telepon`, `tipe_nota`, `diskon`, `path_logo`, `path_kartu_member`, `created_at`, `updated_at`) VALUES
(1, 'Toko Ku', 'Jl. Kibandang Samaran Ds. Slangit', '081234779987', 1, 5, '/img/logo-20240206002849.png', '/img/member.png', NULL, '2024-02-05 17:28:49');

-- --------------------------------------------------------

--
-- Table structure for table `supplier`
--

CREATE TABLE `supplier` (
  `id_supplier` int(10) UNSIGNED NOT NULL,
  `nama` varchar(255) COLLATE utf8mb4_unicode_ci NOT NULL,
  `alamat` text COLLATE utf8mb4_unicode_ci DEFAULT NULL,
  `telepon` varchar(255) COLLATE utf8mb4_unicode_ci NOT NULL,
  `created_at` timestamp NULL DEFAULT NULL,
  `updated_at` timestamp NULL DEFAULT NULL
) ENGINE=InnoDB DEFAULT CHARSET=utf8mb4 COLLATE=utf8mb4_unicode_ci;

--
-- Dumping data for table `supplier`
--

INSERT INTO `supplier` (`id_supplier`, `nama`, `alamat`, `telepon`, `created_at`, `updated_at`) VALUES
(1, 'rizaldi', 'jln. kadang ada', '081213812', '2024-02-05 17:29:40', '2024-02-05 17:29:40');

-- --------------------------------------------------------

--
-- Table structure for table `users`
--

CREATE TABLE `users` (
  `id` bigint(20) UNSIGNED NOT NULL,
  `name` varchar(255) COLLATE utf8mb4_unicode_ci NOT NULL,
  `email` varchar(255) COLLATE utf8mb4_unicode_ci NOT NULL,
  `email_verified_at` timestamp NULL DEFAULT NULL,
  `password` varchar(255) COLLATE utf8mb4_unicode_ci NOT NULL,
  `foto` varchar(255) COLLATE utf8mb4_unicode_ci DEFAULT NULL,
  `level` tinyint(4) NOT NULL DEFAULT 0,
  `two_factor_secret` text COLLATE utf8mb4_unicode_ci DEFAULT NULL,
  `two_factor_recovery_codes` text COLLATE utf8mb4_unicode_ci DEFAULT NULL,
  `remember_token` varchar(100) COLLATE utf8mb4_unicode_ci DEFAULT NULL,
  `current_team_id` bigint(20) UNSIGNED DEFAULT NULL,
  `profile_photo_path` text COLLATE utf8mb4_unicode_ci DEFAULT NULL,
  `created_at` timestamp NULL DEFAULT NULL,
  `updated_at` timestamp NULL DEFAULT NULL
) ENGINE=InnoDB DEFAULT CHARSET=utf8mb4 COLLATE=utf8mb4_unicode_ci;

--
-- Dumping data for table `users`
--

INSERT INTO `users` (`id`, `name`, `email`, `email_verified_at`, `password`, `foto`, `level`, `two_factor_secret`, `two_factor_recovery_codes`, `remember_token`, `current_team_id`, `profile_photo_path`, `created_at`, `updated_at`) VALUES
(1, 'Administrator', 'admin@gmail.com', NULL, '$2y$10$JL5GmnuTnt/u6SFhVxht2eLL5pttWN7a9o8Ql52Urf7B3ITDSndAe', '/img/user.jpg', 1, NULL, NULL, NULL, NULL, NULL, '2024-02-04 02:24:16', '2024-02-04 02:24:16'),
(2, 'Kasir 1', 'kasir1@gmail.com', NULL, '$2y$10$/MMW7WgtVdUpc..BVVq7HOy9tSMgV3gS09a90D/pluAW/rvYZDsKO', '/img/petugas.jpg', 2, NULL, NULL, NULL, NULL, NULL, '2024-02-04 02:24:16', '2024-02-04 02:24:16');

--
-- Indexes for dumped tables
--

--
-- Indexes for table `failed_jobs`
--
ALTER TABLE `failed_jobs`
  ADD PRIMARY KEY (`id`),
  ADD UNIQUE KEY `failed_jobs_uuid_unique` (`uuid`);

--
-- Indexes for table `kategori`
--
ALTER TABLE `kategori`
  ADD PRIMARY KEY (`id_kategori`),
  ADD UNIQUE KEY `kategori_nama_kategori_unique` (`nama_kategori`);

--
-- Indexes for table `member`
--
ALTER TABLE `member`
  ADD PRIMARY KEY (`id_member`),
  ADD UNIQUE KEY `member_kode_member_unique` (`kode_member`);

--
-- Indexes for table `migrations`
--
ALTER TABLE `migrations`
  ADD PRIMARY KEY (`id`);

--
-- Indexes for table `password_resets`
--
ALTER TABLE `password_resets`
  ADD KEY `password_resets_email_index` (`email`);

--
-- Indexes for table `pembelian`
--
ALTER TABLE `pembelian`
  ADD PRIMARY KEY (`id_pembelian`);

--
-- Indexes for table `pembelian_detail`
--
ALTER TABLE `pembelian_detail`
  ADD PRIMARY KEY (`id_pembelian_detail`);

--
-- Indexes for table `pengeluaran`
--
ALTER TABLE `pengeluaran`
  ADD PRIMARY KEY (`id_pengeluaran`);

--
-- Indexes for table `penjualan`
--
ALTER TABLE `penjualan`
  ADD PRIMARY KEY (`id_penjualan`);

--
-- Indexes for table `penjualan_detail`
--
ALTER TABLE `penjualan_detail`
  ADD PRIMARY KEY (`id_penjualan_detail`);

--
-- Indexes for table `personal_access_tokens`
--
ALTER TABLE `personal_access_tokens`
  ADD PRIMARY KEY (`id`),
  ADD UNIQUE KEY `personal_access_tokens_token_unique` (`token`),
  ADD KEY `personal_access_tokens_tokenable_type_tokenable_id_index` (`tokenable_type`,`tokenable_id`);

--
-- Indexes for table `produk`
--
ALTER TABLE `produk`
  ADD PRIMARY KEY (`id_produk`),
  ADD UNIQUE KEY `produk_nama_produk_unique` (`nama_produk`),
  ADD UNIQUE KEY `produk_kode_produk_unique` (`kode_produk`),
  ADD KEY `produk_id_kategori_foreign` (`id_kategori`);

--
-- Indexes for table `sessions`
--
ALTER TABLE `sessions`
  ADD PRIMARY KEY (`id`),
  ADD KEY `sessions_user_id_index` (`user_id`),
  ADD KEY `sessions_last_activity_index` (`last_activity`);

--
-- Indexes for table `setting`
--
ALTER TABLE `setting`
  ADD PRIMARY KEY (`id_setting`);

--
-- Indexes for table `supplier`
--
ALTER TABLE `supplier`
  ADD PRIMARY KEY (`id_supplier`);

--
-- Indexes for table `users`
--
ALTER TABLE `users`
  ADD PRIMARY KEY (`id`),
  ADD UNIQUE KEY `users_email_unique` (`email`);

--
-- AUTO_INCREMENT for dumped tables
--

--
-- AUTO_INCREMENT for table `failed_jobs`
--
ALTER TABLE `failed_jobs`
  MODIFY `id` bigint(20) UNSIGNED NOT NULL AUTO_INCREMENT;

--
-- AUTO_INCREMENT for table `kategori`
--
ALTER TABLE `kategori`
  MODIFY `id_kategori` int(10) UNSIGNED NOT NULL AUTO_INCREMENT, AUTO_INCREMENT=2;

--
-- AUTO_INCREMENT for table `member`
--
ALTER TABLE `member`
  MODIFY `id_member` int(10) UNSIGNED NOT NULL AUTO_INCREMENT, AUTO_INCREMENT=2;

--
-- AUTO_INCREMENT for table `migrations`
--
ALTER TABLE `migrations`
  MODIFY `id` int(10) UNSIGNED NOT NULL AUTO_INCREMENT, AUTO_INCREMENT=22;

--
-- AUTO_INCREMENT for table `pembelian`
--
ALTER TABLE `pembelian`
  MODIFY `id_pembelian` int(10) UNSIGNED NOT NULL AUTO_INCREMENT, AUTO_INCREMENT=2;

--
-- AUTO_INCREMENT for table `pembelian_detail`
--
ALTER TABLE `pembelian_detail`
  MODIFY `id_pembelian_detail` int(10) UNSIGNED NOT NULL AUTO_INCREMENT, AUTO_INCREMENT=3;

--
-- AUTO_INCREMENT for table `pengeluaran`
--
ALTER TABLE `pengeluaran`
  MODIFY `id_pengeluaran` int(10) UNSIGNED NOT NULL AUTO_INCREMENT;

--
-- AUTO_INCREMENT for table `penjualan`
--
ALTER TABLE `penjualan`
  MODIFY `id_penjualan` int(10) UNSIGNED NOT NULL AUTO_INCREMENT, AUTO_INCREMENT=14;

--
-- AUTO_INCREMENT for table `penjualan_detail`
--
ALTER TABLE `penjualan_detail`
  MODIFY `id_penjualan_detail` int(10) UNSIGNED NOT NULL AUTO_INCREMENT, AUTO_INCREMENT=7;

--
-- AUTO_INCREMENT for table `personal_access_tokens`
--
ALTER TABLE `personal_access_tokens`
  MODIFY `id` bigint(20) UNSIGNED NOT NULL AUTO_INCREMENT;

--
-- AUTO_INCREMENT for table `produk`
--
ALTER TABLE `produk`
  MODIFY `id_produk` int(10) UNSIGNED NOT NULL AUTO_INCREMENT, AUTO_INCREMENT=15;

--
-- AUTO_INCREMENT for table `setting`
--
ALTER TABLE `setting`
  MODIFY `id_setting` int(10) UNSIGNED NOT NULL AUTO_INCREMENT, AUTO_INCREMENT=2;

--
-- AUTO_INCREMENT for table `supplier`
--
ALTER TABLE `supplier`
  MODIFY `id_supplier` int(10) UNSIGNED NOT NULL AUTO_INCREMENT, AUTO_INCREMENT=2;

--
-- AUTO_INCREMENT for table `users`
--
ALTER TABLE `users`
  MODIFY `id` bigint(20) UNSIGNED NOT NULL AUTO_INCREMENT, AUTO_INCREMENT=3;

--
-- Constraints for dumped tables
--

--
-- Constraints for table `produk`
--
ALTER TABLE `produk`
  ADD CONSTRAINT `produk_id_kategori_foreign` FOREIGN KEY (`id_kategori`) REFERENCES `kategori` (`id_kategori`);
COMMIT;

/*!40101 SET CHARACTER_SET_CLIENT=@OLD_CHARACTER_SET_CLIENT */;
/*!40101 SET CHARACTER_SET_RESULTS=@OLD_CHARACTER_SET_RESULTS */;
/*!40101 SET COLLATION_CONNECTION=@OLD_COLLATION_CONNECTION */;
